Workbook

Sheet Hoja1
A1: Respuesta Grupo Línea Base | B1: Grupo Experimental (Antes de usar la Solución Tecnológica) | C1: Grupo Experimental (Después de usar la Tecnológica)
A2: ='[1]Form Responses 1'!B2 -> 3 | B2: ='[1]Form Responses 1'!B2 -> 3 | C2: ='[1]Form Responses 1'!M2 -> 4
A3: ='[1]Form Responses 1'!B3 -> 1 | B3: ='[1]Form Responses 1'!B3 -> 1 | C3: ='[1]Form Responses 1'!M3 -> 4
A4: ='[1]Form Responses 1'!B4 -> 2 | B4: ='[1]Form Responses 1'!B4 -> 2 | C4: ='[1]Form Responses 1'!M4 -> 5
A5: ='[1]Form Responses 1'!B5 -> 1 | B5: ='[1]Form Responses 1'!B5 -> 1 | C5: ='[1]Form Responses 1'!M5 -> 5
A6: ='[1]Form Responses 1'!B6 -> 3 | B6: ='[1]Form Responses 1'!B6 -> 3 | C6: ='[1]Form Responses 1'!M6 -> 5
A7: ='[1]Form Responses 1'!B7 -> 2 | B7: ='[1]Form Responses 1'!B7 -> 2 | C7: ='[1]Form Responses 1'!M7 -> 5

Sheet Hoja2
A1: =Hoja1!A1 -> Respuesta Grupo Línea Base | B1: =Hoja1!B1 -> Grupo Experimental (Antes de usar la Solución Tecnológica) | C1: =Hoja1!C1 -> Grupo Experimental (Después de usar la Tecnológica)
A2: ='[1]Form Responses 1'!C2 -> 3 | B2: ='[1]Form Responses 1'!C2 -> 3 | C2: ='[1]Form Responses 1'!N2 -> 5
A3: ='[1]Form Responses 1'!C3 -> 1 | B3: ='[1]Form Responses 1'!C3 -> 1 | C3: ='[1]Form Responses 1'!N3 -> 4
A4: ='[1]Form Responses 1'!C4 -> 1 | B4: ='[1]Form Responses 1'!C4 -> 1 | C4: ='[1]Form Responses 1'!N4 -> 4
A5: ='[1]Form Responses 1'!C5 -> 1 | B5: ='[1]Form Responses 1'!C5 -> 1 | C5: ='[1]Form Responses 1'!N5 -> 4
A6: ='[1]Form Responses 1'!C6 -> 3 | B6: ='[1]Form Responses 1'!C6 -> 3 | C6: ='[1]Form Responses 1'!N6 -> 4
A7: ='[1]Form Responses 1'!C7 -> 2 | B7: ='[1]Form Responses 1'!C7 -> 2 | C7: ='[1]Form Responses 1'!N7 -> 5

Sheet Hoja3
A1: =Hoja1!A1 -> Respuesta Grupo Línea Base | B1: =Hoja1!B1 -> Grupo Experimental (Antes de usar la Solución Tecnológica) | C1: =Hoja1!C1 -> Grupo Experimental (Después de usar la Tecnológica)
A2: ='[1]Form Responses 1'!D2 -> 2 | B2: ='[1]Form Responses 1'!D2 -> 2 | C2: ='[1]Form Responses 1'!O2 -> 4
A3: ='[1]Form Responses 1'!D3 -> 1 | B3: ='[1]Form Responses 1'!D3 -> 1 | C3: ='[1]Form Responses 1'!O3 -> 4
A4: ='[1]Form Responses 1'!D4 -> 2 | B4: ='[1]Form Responses 1'!D4 -> 2 | C4: ='[1]Form Responses 1'!O4 -> 5
A5: ='[1]Form Responses 1'!D5 -> 1 | B5: ='[1]Form Responses 1'!D5 -> 1 | C5: ='[1]Form Responses 1'!O5 -> 5
A6: ='[1]Form Responses 1'!D6 -> 2 | B6: ='[1]Form Responses 1'!D6 -> 2 | C6: ='[1]Form Responses 1'!O6 -> 4
A7: ='[1]Form Responses 1'!D7 -> 2 | B7: ='[1]Form Responses 1'!D7 -> 2 | C7: ='[1]Form Responses 1'!O7 -> 5

Sheet Hoja4
A1: =Hoja1!A1 -> Respuesta Grupo Línea Base | B1: =Hoja1!B1 -> Grupo Experimental (Antes de usar la Solución Tecnológica) | C1: =Hoja1!C1 -> Grupo Experimental (Después de usar la Tecnológica)
A2: ='[1]Form Responses 1'!F2 -> 2 | B2: ='[1]Form Responses 1'!F2 -> 2 | C2: ='[1]Form Responses 1'!P2 -> 4
A3: ='[1]Form Responses 1'!F3 -> 2 | B3: ='[1]Form Responses 1'!F3 -> 2 | C3: ='[1]Form Responses 1'!P3 -> 4
A4: ='[1]Form Responses 1'!F4 -> 2 | B4: ='[1]Form Responses 1'!F4 -> 2 | C4: ='[1]Form Responses 1'!P4 -> 4
A5: ='[1]Form Responses 1'!F5 -> 1 | B5: ='[1]Form Responses 1'!F5 -> 1 | C5: ='[1]Form Responses 1'!P5 -> 4
A6: ='[1]Form Responses 1'!F6 -> 2 | B6: ='[1]Form Responses 1'!F6 -> 2 | C6: ='[1]Form Responses 1'!P6 -> 4
A7: ='[1]Form Responses 1'!F7 -> 2 | B7: ='[1]Form Responses 1'!F7 -> 2 | C7: ='[1]Form Responses 1'!P7 -> 5

Sheet Hoja5
A1: =Hoja1!A1 -> Respuesta Grupo Línea Base | B1: =Hoja1!B1 -> Grupo Experimental (Antes de usar la Solución Tecnológica) | C1: =Hoja1!C1 -> Grupo Experimental (Después de usar la Tecnológica)
A2: ='[1]Form Responses 1'!G2 -> 3 | B2: ='[1]Form Responses 1'!G2 -> 3 | C2: ='[1]Form Responses 1'!Q2 -> 4
A3: ='[1]Form Responses 1'!G3 -> 2 | B3: ='[1]Form Responses 1'!G3 -> 2 | C3: ='[1]Form Responses 1'!Q3 -> 5
A4: ='[1]Form Responses 1'!G4 -> 1 | B4: ='[1]Form Responses 1'!G4 -> 1 | C4: ='[1]Form Responses 1'!Q4 -> 5
A5: ='[1]Form Responses 1'!G5 -> 1 | B5: ='[1]Form Responses 1'!G5 -> 1 | C5: ='[1]Form Responses 1'!Q5 -> 5
A6: ='[1]Form Responses 1'!G6 -> 3 | B6: ='[1]Form Responses 1'!G6 -> 3 | C6: ='[1]Form Responses 1'!Q6 -> 3
A7: ='[1]Form Responses 1'!G7 -> 2 | B7: ='[1]Form Responses 1'!G7 -> 2 | C7: ='[1]Form Responses 1'!Q7 -> 5

Sheet Hoja6
A1: =Hoja1!A1 -> Respuesta Grupo Línea Base | B1: =Hoja1!B1 -> Grupo Experimental (Antes de usar la Solución Tecnológica) | C1: =Hoja1!C1 -> Grupo Experimental (Después de usar la Tecnológica)
A2: ='[1]Form Responses 1'!H2 -> 2 | B2: ='[1]Form Responses 1'!H2 -> 2 | C2: ='[1]Form Responses 1'!R2 -> 4
A3: ='[1]Form Responses 1'!H3 -> 1 | B3: ='[1]Form Responses 1'!H3 -> 1 | C3: ='[1]Form Responses 1'!R3 -> 5
A4: ='[1]Form Responses 1'!H4 -> 1 | B4: ='[1]Form Responses 1'!H4 -> 1 | C4: ='[1]Form Responses 1'!R4 -> 5
A5: ='[1]Form Responses 1'!H5 -> 1 | B5: ='[1]Form Responses 1'!H5 -> 1 | C5: ='[1]Form Responses 1'!R5 -> 5
A6: ='[1]Form Responses 1'!H6 -> 2 | B6: ='[1]Form Responses 1'!H6 -> 2 | C6: ='[1]Form Responses 1'!R6 -> 4
A7: ='[1]Form Responses 1'!H7 -> 2 | B7: ='[1]Form Responses 1'!H7 -> 2 | C7: ='[1]Form Responses 1'!R7 -> 5

Sheet Hoja7
A1: =Hoja1!A1 -> Respuesta Grupo Línea Base | B1: =Hoja1!B1 -> Grupo Experimental (Antes de usar la Solución Tecnológica) | C1: =Hoja1!C1 -> Grupo Experimental (Después de usar la Tecnológica)
A2: ='[1]Form Responses 1'!I2 -> 2 | B2: ='[1]Form Responses 1'!I2 -> 2 | C2: ='[1]Form Responses 1'!S2 -> 5
A3: ='[1]Form Responses 1'!I3 -> 2 | B3: ='[1]Form Responses 1'!I3 -> 2 | C3: ='[1]Form Responses 1'!S3 -> 5
A4: ='[1]Form Responses 1'!I4 -> 2 | B4: ='[1]Form Responses 1'!I4 -> 2 | C4: ='[1]Form Responses 1'!S4 -> 4
A5: ='[1]Form Responses 1'!I5 -> 1 | B5: ='[1]Form Responses 1'!I5 -> 1 | C5: ='[1]Form Responses 1'!S5 -> 5
A6: ='[1]Form Responses 1'!I6 -> 2 | B6: ='[1]Form Responses 1'!I6 -> 2 | C6: ='[1]Form Responses 1'!S6 -> 5
A7: ='[1]Form Responses 1'!I7 -> 2 | B7: ='[1]Form Responses 1'!I7 -> 2 | C7: ='[1]Form Responses 1'!S7 -> 5

Sheet Hoja8
A1: =Hoja1!A1 -> Respuesta Grupo Línea Base | B1: =Hoja1!B1 -> Grupo Experimental (Antes de usar la Solución Tecnológica) | C1: =Hoja1!C1 -> Grupo Experimental (Después de usar la Tecnológica)
A2: ='[1]Form Responses 1'!J2 -> 2 | B2: ='[1]Form Responses 1'!J2 -> 2 | C2: ='[1]Form Responses 1'!T2 -> 4
A3: ='[1]Form Responses 1'!J3 -> 1 | B3: ='[1]Form Responses 1'!J3 -> 1 | C3: ='[1]Form Responses 1'!T3 -> 4
A4: ='[1]Form Responses 1'!J4 -> 1 | B4: ='[1]Form Responses 1'!J4 -> 1 | C4: ='[1]Form Responses 1'!T4 -> 5
A5: ='[1]Form Responses 1'!J5 -> 1 | B5: ='[1]Form Responses 1'!J5 -> 1 | C5: ='[1]Form Responses 1'!T5 -> 5
A6: ='[1]Form Responses 1'!J6 -> 2 | B6: ='[1]Form Responses 1'!J6 -> 2 | C6: ='[1]Form Responses 1'!T6 -> 5
A7: ='[1]Form Responses 1'!J7 -> 2 | B7: ='[1]Form Responses 1'!J7 -> 2 | C7: ='[1]Form Responses 1'!T7 -> 5

Sheet Hoja9
A1: =Hoja1!A1 -> Respuesta Grupo Línea Base | B1: =Hoja1!B1 -> Grupo Experimental (Antes de usar la Solución Tecnológica) | C1: =Hoja1!C1 -> Grupo Experimental (Después de usar la Tecnológica)
A2: ='[1]Form Responses 1'!K2 -> 2 | B2: ='[1]Form Responses 1'!K2 -> 2 | C2: ='[1]Form Responses 1'!U2 -> 4
A3: ='[1]Form Responses 1'!K3 -> 1 | B3: ='[1]Form Responses 1'!K3 -> 1 | C3: ='[1]Form Responses 1'!U3 -> 4
A4: ='[1]Form Responses 1'!K4 -> 1 | B4: ='[1]Form Responses 1'!K4 -> 1 | C4: ='[1]Form Responses 1'!U4 -> 5
A5: ='[1]Form Responses 1'!K5 -> 1 | B5: ='[1]Form Responses 1'!K5 -> 1 | C5: ='[1]Form Responses 1'!U5 -> 5
A6: ='[1]Form Responses 1'!K6 -> 2 | B6: ='[1]Form Responses 1'!K6 -> 2 | C6: ='[1]Form Responses 1'!U6 -> 4
A7: ='[1]Form Responses 1'!K7 -> 2 | B7: ='[1]Form Responses 1'!K7 -> 2 | C7: ='[1]Form Responses 1'!U7 -> 5

Sheet Hoja10
A1: =Hoja1!A1 -> Respuesta Grupo Línea Base | B1: =Hoja1!B1 -> Grupo Experimental (Antes de usar la Solución Tecnológica) | C1: =Hoja1!C1 -> Grupo Experimental (Después de usar la Tecnológica)
A2: ='[1]Form Responses 1'!L2 -> 3 | B2: ='[1]Form Responses 1'!L2 -> 3 | C2: ='[1]Form Responses 1'!V2 -> 4
A3: ='[1]Form Responses 1'!L3 -> 1 | B3: ='[1]Form Responses 1'!L3 -> 1 | C3: ='[1]Form Responses 1'!V3 -> 4
A4: ='[1]Form Responses 1'!L4 -> 2 | B4: ='[1]Form Responses 1'!L4 -> 2 | C4: ='[1]Form Responses 1'!V4 -> 4
A5: ='[1]Form Responses 1'!L5 -> 1 | B5: ='[1]Form Responses 1'!L5 -> 1 | C5: ='[1]Form Responses 1'!V5 -> 4
A6: ='[1]Form Responses 1'!L6 -> 2 | B6: ='[1]Form Responses 1'!L6 -> 2 | C6: ='[1]Form Responses 1'!V6 -> 4
A7: ='[1]Form Responses 1'!L7 -> 2 | B7: ='[1]Form Responses 1'!L7 -> 2 | C7: ='[1]Form Responses 1'!V7 -> 5

Sheet Hoja11
A1: =Hoja1!A1 -> Respuesta Grupo Línea Base | B1: =Hoja1!B1 -> Grupo Experimental (Antes de usar la Solución Tecnológica) | C1: =Hoja1!C1 -> Grupo Experimental (Después de usar la Tecnológica)
A2: ='[1]Form Responses 1'!L2 -> 3 | B2: ='[1]Form Responses 1'!L2 -> 3 | C2: ='[1]Form Responses 1'!W2 -> 4
A3: ='[1]Form Responses 1'!L3 -> 1 | B3: ='[1]Form Responses 1'!L3 -> 1 | C3: ='[1]Form Responses 1'!W3 -> 5
A4: ='[1]Form Responses 1'!L4 -> 2 | B4: ='[1]Form Responses 1'!L4 -> 2 | C4: ='[1]Form Responses 1'!W4 -> 5
A5: ='[1]Form Responses 1'!L5 -> 1 | B5: ='[1]Form Responses 1'!L5 -> 1 | C5: ='[1]Form Responses 1'!W5 -> 4
A6: ='[1]Form Responses 1'!L6 -> 2 | B6: ='[1]Form Responses 1'!L6 -> 2 | C6: ='[1]Form Responses 1'!W6 -> 4
A7: ='[1]Form Responses 1'!L7 -> 2 | B7: ='[1]Form Responses 1'!L7 -> 2 | C7: ='[1]Form Responses 1'!W7 -> 5
